year,state_ut,geo_level,dropout_primary_boys,dropout_primary_girls,dropout_primary_total,dropout_secondary_boys,dropout_secondary_girls,dropout_secondary_total,dropout_upper_primary_boys,dropout_upper_primary_girls,dropout_upper_primary_total,dropout_preparatory_3_5_boys_nep,dropout_secondary_9_12_boys_nep,dropout_preparatory_3_5_girls_nep,dropout_secondary_9_12_girls_nep,dropout_preparatory_3_5_total_nep,dropout_secondary_9_12_total_nep,dropout_gap_upper_primary_girls_minus_boys,dropout_gap_secondary_girls_minus_boys,transition_5_to_6_total,transition_8_to_9_boys,transition_8_to_9_girls,transition_8_to_9_total,transition_10_to_11_total,non_transition_8_to_9_total,retention_elementary_total,retention_secondary_total,retention_secondary_girls,retention_middle_6_8_total_nep,retention_secondary_9_12_total_nep,promotion_secondary_total,repetition_secondary_total,ger_secondary_total,ger_secondary_girls,ger_upper_primary_total,ger_secondary_9_12_total_nep,ner_secondary_total,aser_age_14_15_total,gpi_ger_secondary,pct_func_electricity,pct_func_drinking_water,pct_func_girls_toilet,pct_func_boys_toilet,pct_func_toilet_any,pct_handwash,pct_library,pct_medical_checkup,pct_computer,pct_internet,pct_func_cwsn_toilet,pct_ramp,pct_kitchen_garden,pct_integrated_science_lab,pct_solar_panel,pct_smart_classroom,pct_digital_library,pct_govt_func_electricity,pct_govt_func_drinking_water,pct_govt_func_girls_toilet,pct_govt_internet,pct_govt_library,pct_govt_ramp,ptr_primary,ptr_upper_primary,ptr_secondary,ptr_higher_secondary,ptr_secondary_9_12_nep,ptr_overall,total_schools,total_enrolment,total_teachers,avg_enrolment_per_school,avg_teachers_per_school,pct_single_teacher_schools,pct_zero_enrolment_schools,pct_schools_enrolment_le30,pct_trained_teachers_secondary,pct_prof_qualified_secondary,pct_female_teachers,pct_govt_schools,pct_enrol_sc,pct_enrol_st,pct_enrol_obc,pct_enrol_muslim,girls_share_secondary_enrolment,girls_share_secondary_9_12_enrolment_nep,cwsn_share_elementary_enrolment
2023-24,Andaman and Nicobar Islands,UT,,,,,,,0.8,0.0,0.4,1.4,7.1,0.8,3.2,1.1,5.1,-0.8,,96.9,97.5,98.6,98.1,,1.9000000000000057,,,,95.8,77.4,,,,,93.9,88.6,,,,92.0,99.5,100.0,99.5,100.0,100.0,100.0,94.7,68.7,58.0,27.2,66.0,78.6,78.2,3.4,45.1,2.2,90.3,99.4,100.0,51.2,100.0,71.8,,9.0,,,9.0,13.0,412.0,72119.0,5750.0,175.0,14.0,2.669902912621359,0.7281553398058253,31.8,,,67.70434782608696,82.52427184466019,0.6,9.6,27.6,10.2,,50.35632708999543,
2023-24,Andhra Pradesh,State,,,,,,,1.3,0.8,1.1,1.3,11.7,1.0,8.6,1.2,10.1,-0.5,,95.5,96.9,97.6,97.2,,2.799999999999997,,,,100.0,54.7,,,,,101.5,79.2,,,,99.7,99.7,98.5,87.4,99.0,99.6,99.6,97.1,87.3,93.9,22.4,88.8,73.1,61.9,7.7,44.4,13.3,99.7,99.7,98.1,92.0,99.6,88.5,,16.0,,,15.0,26.0,61373.0,8741885.0,338293.0,142.0,6.0,20.54812376778062,0.13686800384533915,34.099999999999994,,,52.99222863021109,73.32214491714598,19.7,7.0,51.9,8.9,,49.053690800841274,
2023-24,Arunachal Pradesh,State,,,,,,,7.2,6.5,6.8,4.6,18.0,3.4,15.5,4.0,16.7,-0.7000000000000002,,88.5,78.6,80.5,79.6,,20.400000000000006,,,,47.1,19.0,,,,,89.3,57.0,,,,58.0,71.3,70.2,71.7,76.1,50.5,43.3,43.8,42.6,30.5,7.6,27.1,26.4,52.9,11.7,21.2,1.1,49.4,66.4,64.2,22.6,36.6,28.3,,7.0,,,13.0,13.0,3490.0,323717.0,24700.0,93.0,7.0,17.707736389684815,6.876790830945559,47.8,,,51.02834008097166,81.57593123209169,2.0,72.7,4.1,1.9,,51.66904937054978,
2023-24,Assam,State,,,,,,,10.3,6.1,8.2,8.1,19.4,5.5,19.5,6.8,19.5,-4.200000000000001,,85.0,79.5,85.4,82.6,,17.400000000000006,,,,65.0,24.4,,,,,91.2,56.3,,,,86.3,94.1,88.4,86.2,91.1,92.4,90.6,69.8,67.9,45.0,20.4,77.9,62.8,28.8,6.5,11.3,0.9,96.1,97.0,94.3,49.5,97.8,95.0,,13.0,,,14.0,20.0,56630.0,6922533.0,342199.0,122.0,6.0,4.649479074695391,0.0,21.299999999999997,,,43.48230123407725,79.47730884690094,7.2,15.0,26.6,41.2,,53.639312957851594,
2023-24,Bihar,State,,,,,,,26.0,25.9,25.9,13.8,21.2,13.6,20.5,13.7,20.9,-0.10000000000000142,,63.2,31.3,31.7,31.5,,68.5,,,,79.2,29.4,,,,,68.4,37.8,,,,78.3,93.3,92.3,90.8,94.3,81.6,60.3,29.4,19.6,18.5,14.7,51.3,18.0,23.0,9.2,12.1,1.3,77.3,93.0,91.8,11.8,58.8,54.9,,19.0,,,37.0,32.0,94686.0,21348149.0,657063.0,225.0,7.0,2.78499461377606,0.1235663139218047,3.0,,,42.430938890182524,82.50427729548191,18.9,1.9,64.4,18.8,,51.157125339175735,
2023-24,Chandigarh,UT,,,,,,,0.9,0.0,0.4,0.0,6.8,0.0,3.2,0.0,5.2,-0.9,,100.0,97.9,99.5,98.6,,1.4000000000000057,,,,100.0,100.0,,,,,121.1,109.5,,,,100.0,100.0,100.0,100.0,100.0,100.0,98.3,92.6,100.0,99.6,78.7,89.6,79.6,97.7,75.2,93.5,11.7,100.0,100.0,100.0,100.0,100.0,100.0,,15.0,,,17.0,26.0,230.0,265706.0,10237.0,1155.0,45.0,0.0,0.0,0.0,,,80.57047963270489,51.73913043478261,8.7,0.3,4.0,5.6,,46.76029055690073,
2023-24,Chhattisgarh,State,,,,,,,6.2,4.3,5.3,2.6,18.3,1.9,11.0,2.3,14.5,-1.9000000000000004,,94.2,83.1,87.8,85.4,,14.599999999999994,,,,84.7,44.7,,,,,90.2,64.1,,,,90.7,97.4,94.4,89.1,96.4,98.5,98.2,91.0,67.3,61.3,56.4,78.0,52.0,80.2,6.1,19.4,1.4,89.6,97.2,93.7,59.9,99.2,82.5,,15.0,,,19.0,21.0,56615.0,5776548.0,278798.0,102.0,5.0,10.315287467985517,0.19076216550384173,23.200000000000003,,,50.38558382771756,86.20153669522212,14.4,29.8,46.6,1.9,,53.00854768872378,
2023-24,Dadra and Nagar Haveli and Daman and Diu,UT,,,,,,,3.2,3.0,3.1,1.8,19.5,1.5,13.4,1.6,16.5,-0.20000000000000018,,97.6,93.3,95.1,94.2,,5.799999999999997,,,,95.2,68.6,,,,,107.7,79.2,,,,100.0,100.0,100.0,99.5,100.0,100.0,99.8,99.5,97.0,99.3,91.0,98.1,79.9,89.2,14.4,69.2,0.9,100.0,100.0,100.0,99.4,100.0,99.2,,26.0,,,22.0,28.0,432.0,141282.0,4995.0,327.0,12.0,0.23148148148148145,0.0,5.5,,,67.44744744744744,83.33333333333334,2.5,36.8,12.3,5.3,,49.282438230507466,
2023-24,Delhi,UT,,,,,,,0.6,0.6,0.6,0.5,12.3,0.0,8.3,0.0,10.4,0.0,,97.1,95.8,97.1,96.4,,3.5999999999999943,,,,100.0,80.9,,,,,115.0,91.0,,,,100.0,100.0,100.0,99.9,100.0,100.0,100.0,99.2,100.0,100.0,100.0,99.9,76.6,92.3,33.4,74.0,6.7,100.0,100.0,100.0,100.0,99.9,99.9,,28.0,,,20.0,28.0,5497.0,4506578.0,160479.0,820.0,29.0,0.2364926323449154,0.0,1.2,,,72.93539964730587,48.99035837729671,9.6,0.5,6.1,14.0,,47.994501920793674,
2023-24,Goa,State,,,,,,,1.2,1.0,1.1,0.7,10.0,1.3,5.4,1.0,7.8,-0.19999999999999996,,99.7,97.4,97.4,97.4,,2.5999999999999943,,,,92.8,74.1,,,,,115.3,100.3,,,,100.0,100.0,100.0,100.0,100.0,100.0,100.0,96.1,56.2,87.6,8.5,62.8,70.3,95.2,3.4,25.2,2.2,100.0,100.0,100.0,79.5,100.0,90.7,,14.0,,,11.0,21.0,1487.0,304735.0,14594.0,205.0,10.0,16.005379959650305,0.26899798251513113,32.9,,,81.33479512128272,53.059852051109615,1.9,8.6,11.4,12.7,,49.63235294117647,
2023-24,Gujarat,State,,,,,,,3.5,4.9,4.2,1.0,18.8,1.0,14.2,1.0,16.7,1.4000000000000004,,96.0,90.3,87.3,88.9,,11.099999999999994,,,,90.1,44.3,,,,,92.2,58.7,,,,99.9,99.9,98.0,97.5,99.0,98.0,96.5,86.4,98.0,93.9,36.3,81.4,48.1,46.7,8.3,61.3,2.6,99.9,99.9,97.1,95.4,99.2,95.8,,24.0,,,29.0,29.0,53626.0,11496709.0,394053.0,214.0,7.0,4.5910565770335285,0.5109461828217656,11.5,,,56.08534892514459,64.51534703315556,6.5,16.9,46.3,10.7,,46.65669996721128,
2023-24,Haryana,State,,,,,,,5.4,3.7,4.7,3.3,13.3,2.3,9.1,2.8,11.4,-1.7000000000000002,,95.2,89.1,91.0,89.9,,10.099999999999994,,,,100.0,65.5,,,,,100.9,77.0,,,,99.4,99.9,98.6,98.8,99.7,99.8,97.5,86.1,96.6,67.7,49.5,72.8,41.1,76.5,22.3,46.2,3.1,99.3,100.0,98.0,52.5,99.9,84.4,,18.0,,,15.0,22.0,23517.0,5599742.0,250909.0,238.0,11.0,3.6866947314708507,0.3444316877152698,11.7,,,64.7346249038496,61.12174171875664,20.9,0.0,28.7,8.8,,45.85380547388108,
2023-24,Himachal Pradesh,State,,,,,,,0.7,0.4,0.6,0.0,5.5,0.0,3.6,0.0,4.6,-0.29999999999999993,,98.8,97.3,98.0,97.7,,2.299999999999997,,,,95.0,78.9,,,,,103.8,90.7,,,,99.2,100.0,99.4,99.1,99.9,99.5,99.7,95.3,47.5,48.7,25.7,84.0,77.6,87.2,7.5,30.3,2.2,99.1,100.0,99.3,42.7,100.0,93.8,,8.0,,,8.0,14.0,17826.0,1426412.0,101131.0,80.0,6.0,19.48277796477056,0.03365870077415012,48.9,,,53.59681996618247,85.36407494670706,25.7,5.9,13.8,2.6,,48.27519781519367,
2023-24,Jammu and Kashmir,UT,,,,,,,3.2,3.3,3.2,2.0,17.3,1.4,14.7,1.7,16.1,0.09999999999999964,,92.8,89.2,88.7,89.0,,11.0,,,,75.6,33.5,,,,,77.0,53.7,,,,86.0,96.8,82.9,80.4,89.9,93.1,74.1,73.4,41.4,45.3,6.9,42.2,19.2,72.6,17.1,14.4,1.5,85.4,96.6,79.6,38.6,72.2,47.3,,9.0,,,15.0,16.0,24296.0,2629949.0,167046.0,108.0,7.0,5.4741521238063875,0.4897925584458347,27.3,,,49.197825748596195,77.31725386894962,8.2,14.0,7.6,69.0,,47.45779492344195,
2023-24,Jharkhand,State,,,,,,,9.4,8.6,9.0,5.3,10.3,4.6,10.3,4.9,10.3,-0.8000000000000007,,80.5,65.8,68.7,67.2,,32.8,,,,76.5,32.3,,,,,82.5,51.1,,,,92.0,96.3,97.2,96.2,97.6,93.9,95.0,59.9,75.3,52.7,6.2,67.8,23.1,58.5,15.3,10.8,1.9,92.7,95.9,97.2,50.2,98.4,77.3,,24.0,,,37.0,35.0,44475.0,7143255.0,206591.0,161.0,5.0,18.78133783024171,0.447442383361439,15.100000000000001,,,40.563238476022676,80.48341765036537,12.7,27.4,46.9,14.7,,50.83683433069969,
2023-24,Karnataka,State,,,,,,,2.9,2.4,2.7,2.2,21.4,1.7,16.0,2.0,18.7,-0.5,,97.6,96.5,96.9,96.7,,3.299999999999997,,,,93.8,55.8,,,,,104.2,79.0,,,,98.3,99.5,98.6,96.2,99.4,92.9,98.3,93.7,52.9,49.2,17.3,75.8,32.4,57.8,13.2,22.4,3.9,97.9,99.6,98.1,35.0,99.0,87.6,,18.0,,,21.0,27.0,75869.0,11926303.0,433942.0,157.0,6.0,10.308558172639682,1.4208701841331768,27.4,,,60.98971751985288,64.9883351566516,18.4,7.6,63.7,16.2,,50.4035946151576,
2023-24,Kerala,State,,,,,,,0.0,0.0,0.0,0.0,2.9,0.0,1.4,0.0,2.2,0.0,,98.1,98.6,98.9,98.8,,1.2000000000000028,,,,97.3,90.4,,,,,99.9,93.0,,,,99.8,99.7,99.6,99.2,99.9,99.9,98.8,86.9,99.4,92.1,32.7,82.1,74.5,73.7,12.8,58.0,21.5,99.7,99.5,99.4,89.8,99.4,95.3,,19.0,,,16.0,22.0,15864.0,6281704.0,291096.0,396.0,18.0,0.4790721129601614,0.6555723651033787,8.0,,,80.9420259982961,30.313918305597582,8.6,1.5,69.5,38.9,,49.498086914067684,
2023-24,Ladakh,UT,,,,,,,7.3,4.3,5.8,3.7,22.5,2.2,18.0,3.0,20.1,-3.0,,95.2,92.1,94.1,93.1,,6.900000000000006,,,,74.4,44.0,,,,,86.4,66.0,,,,74.0,90.4,89.8,91.8,96.0,71.2,95.6,88.9,53.0,45.7,18.0,58.6,16.2,75.0,24.6,30.5,4.4,71.9,89.2,89.0,43.4,96.6,64.9,,3.0,,,7.0,9.0,995.0,56642.0,6432.0,57.0,6.0,8.341708542713567,3.5175879396984926,65.6,,,52.87624378109452,84.52261306532664,0.4,92.6,0.3,58.1,,53.31802149126405,
2023-24,Lakshadweep,UT,,,,,,,6.3,0.0,3.1,5.1,2.1,1.8,1.0,3.5,1.6,-6.3,,94.8,96.1,100.0,99.4,,0.5999999999999943,,,,100.0,100.0,,,,,80.3,72.1,,,,100.0,100.0,100.0,100.0,100.0,97.3,100.0,97.3,100.0,100.0,62.2,97.3,97.3,69.2,2.7,67.6,2.7,100.0,100.0,100.0,100.0,100.0,97.3,,12.0,,,9.0,14.0,37.0,12591.0,911.0,340.0,25.0,0.0,0.0,0.0,,,57.189901207464324,100.0,0.5,97.3,1.5,99.6,,49.14234125789949,
2023-24,Madhya Pradesh,State,,,,,,,7.0,6.5,6.7,2.8,17.2,2.3,13.0,2.6,15.2,-0.5,,89.4,76.4,77.5,76.9,,23.099999999999994,,,,79.7,30.7,,,,,82.4,55.5,,,,85.0,94.0,89.4,88.1,92.7,93.5,98.4,68.5,49.3,43.3,21.0,94.1,17.9,62.7,6.0,17.7,2.1,81.9,93.8,87.9,32.3,99.9,99.2,,16.0,,,25.0,24.0,123412.0,15361543.0,639525.0,124.0,5.0,10.694259877483551,0.9812660033059994,24.799999999999997,,,50.995191743872404,74.90276472304151,17.2,22.1,45.4,6.3,,48.33412991910693,
2023-24,Maharashtra,State,,,,,,,0.7,0.5,0.6,0.0,8.5,0.0,6.7,0.0,7.7,-0.19999999999999996,,99.8,97.7,97.7,97.7,,2.299999999999997,,,,91.1,68.0,,,,,98.2,80.7,,,,87.9,98.4,94.4,92.0,96.1,98.8,98.5,92.5,81.5,67.5,57.6,93.8,45.2,76.3,17.5,60.1,9.0,81.0,97.7,91.2,54.4,99.5,96.5,,25.0,,,26.0,29.0,108237.0,21375970.0,738114.0,197.0,7.0,7.572271958757172,0.016630172676626292,27.4,,,50.873713274643215,60.19845339394108,12.5,11.2,33.2,13.8,,47.039875303609044,
2023-24,Manipur,State,,,,,,,3.9,3.0,3.5,4.2,12.9,3.9,12.0,4.0,12.4,-0.8999999999999999,,83.1,83.6,86.1,84.8,,15.200000000000003,,,,53.9,32.3,,,,,91.2,66.1,,,,60.7,99.4,74.5,76.1,81.9,79.5,27.4,34.7,33.5,32.3,6.8,42.1,39.1,48.4,10.7,12.0,1.3,51.4,99.5,70.6,20.9,13.8,53.7,,9.0,,,12.0,16.0,4646.0,647434.0,40921.0,139.0,9.0,6.887645286267757,1.7864829961256996,36.8,,,55.998142762884584,63.1510977184675,4.9,40.0,31.7,9.3,,49.76958834909716,
2023-24,Meghalaya,State,,,,,,,13.9,11.1,12.4,10.5,18.8,8.8,16.5,9.7,17.5,-2.8000000000000007,,74.2,62.1,68.0,65.3,,34.7,,,,47.5,19.8,,,,,115.3,61.7,,,,26.8,49.3,69.7,73.4,76.4,40.7,27.9,63.8,18.8,24.5,2.8,32.2,14.5,31.3,4.3,3.8,0.7,17.5,44.9,71.3,22.9,32.0,47.1,,12.0,,,12.0,19.0,14601.0,1052884.0,55726.0,72.0,4.0,9.937675501677967,0.9999315115403055,36.9,,,59.4677529339985,53.27717279638381,1.9,90.8,1.1,3.8,,56.89751098991801,
2023-24,Mizoram,State,,,,,,,6.7,4.9,5.9,3.1,12.4,2.7,11.0,2.9,11.7,-1.7999999999999998,,93.0,79.8,85.2,82.5,,17.5,,,,56.0,25.2,,,,,113.7,74.5,,,,82.1,89.8,80.9,81.1,86.3,74.4,80.9,67.3,46.6,24.9,14.0,46.0,37.6,27.3,2.1,7.4,0.1,78.5,87.7,75.3,20.3,95.6,60.0,,7.0,,,10.0,13.0,3941.0,293763.0,23013.0,75.0,6.0,2.435929967013448,0.9895965490992134,32.5,,,49.215660713509756,65.64323775691449,1.2,97.6,0.2,0.6,,52.00087231490568,
2023-24,Nagaland,State,,,,,,,6.4,5.2,5.8,4.7,11.2,3.9,9.4,4.3,10.3,-1.2000000000000002,,89.1,79.0,83.0,81.0,,19.0,,,,59.9,28.1,,,,,72.0,50.0,,,,73.2,66.5,78.2,77.7,81.9,67.9,77.6,34.8,84.3,56.3,6.5,40.1,44.6,42.3,14.3,30.7,1.2,65.6,58.9,71.6,47.8,83.8,49.6,,7.0,,,11.0,13.0,2725.0,412975.0,32602.0,152.0,12.0,1.1376146788990826,0.44036697247706424,33.2,,,58.02098030795657,71.63302752293578,2.1,83.8,4.0,6.4,,52.403440530323785,
2023-24,Odisha,State,,,,,,,2.2,1.7,2.0,0.6,10.2,0.3,8.0,0.5,9.1,-0.5000000000000002,,97.6,92.2,93.7,92.9,,7.099999999999994,,,,87.8,48.3,,,,,96.7,70.2,,,,95.8,99.5,98.3,97.2,99.1,99.4,99.7,94.2,59.4,82.0,73.7,94.3,92.9,77.4,14.4,27.6,14.1,95.9,99.6,98.8,81.4,100.0,96.9,,15.0,,,22.0,23.0,61693.0,7756910.0,335496.0,126.0,5.0,1.7262898546026293,0.012967435527531487,19.3,,,47.90817178148175,78.89225682006062,18.5,27.1,37.1,2.4,,49.65226223444794,
2023-24,Puducherry,UT,,,,,,,1.5,1.2,1.4,1.6,8.0,1.1,3.7,1.4,5.9,-0.30000000000000004,,97.7,97.7,98.2,97.9,,2.0999999999999943,,,,92.6,81.7,,,,,99.8,96.4,,,,100.0,100.0,99.7,99.3,100.0,100.0,100.0,100.0,100.0,100.0,39.5,69.1,24.5,79.6,7.1,65.9,6.8,100.0,100.0,99.8,100.0,100.0,92.6,,13.0,,,13.0,19.0,735.0,244828.0,13202.0,333.0,18.0,0.0,0.0,4.3,,,76.6323284350856,57.14285714285714,18.0,0.4,73.5,8.6,,50.111983593728915,
2023-24,Punjab,State,,,,,,,3.0,2.2,2.6,1.1,6.3,1.0,4.0,1.1,5.2,-0.7999999999999998,,96.7,93.2,94.9,94.0,,6.0,,,,87.0,67.4,,,,,102.5,85.5,,,,99.9,99.7,98.2,97.2,99.2,99.9,98.5,84.9,98.8,74.0,55.3,79.4,75.4,74.6,20.0,77.9,5.5,99.9,99.7,98.0,66.1,99.9,89.3,,15.0,,,13.0,22.0,27404.0,5988681.0,273092.0,219.0,10.0,7.633922055174428,0.05473653481243614,11.899999999999999,,,76.0732646873581,70.21602685739308,36.6,0.1,15.5,2.8,,46.59293760650984,
2023-24,Rajasthan,State,,,,,,,7.1,6.4,6.8,7.5,10.6,6.6,8.0,7.1,9.4,-0.6999999999999993,,90.7,87.3,88.0,87.6,,12.400000000000006,,,,75.3,48.9,,,,,91.1,71.1,,,,90.3,90.7,86.8,86.1,88.9,96.5,78.6,64.6,51.6,68.3,20.3,67.7,28.0,26.7,8.2,20.0,1.8,88.9,91.0,87.2,63.0,81.8,75.5,,12.0,,,16.0,22.0,107757.0,16786065.0,775745.0,156.0,7.0,7.134571303952411,2.011006245533933,23.6,,,41.318474498707694,65.17720426515214,19.6,14.6,49.0,6.6,,46.76658417576643,
2023-24,Sikkim,State,,,,,,,5.9,4.0,4.9,4.2,16.0,2.2,12.8,3.3,14.3,-1.9000000000000004,,89.3,84.0,89.0,86.4,,13.599999999999994,,,,87.2,59.4,,,,,78.0,65.2,,,,97.0,98.9,98.0,98.5,99.6,97.8,89.4,85.7,91.9,46.8,24.4,42.2,48.2,73.1,13.1,41.5,5.4,96.5,99.1,98.5,40.2,91.6,55.7,,6.0,,,7.0,8.0,1254.0,121395.0,15489.0,97.0,12.0,2.711323763955343,0.07974481658692185,42.5,,,63.06411001355801,68.89952153110048,8.6,35.5,34.9,2.6,,52.20077448343138,
2023-24,Tamil Nadu,State,,,,,,,0.0,0.0,0.0,0.0,8.0,0.0,2.9,0.0,5.4,0.0,,100.0,100.0,100.0,100.0,,0.0,,,,97.1,68.6,,,,,101.6,89.5,,,,99.0,98.6,95.5,81.3,97.1,99.0,99.0,99.0,72.7,99.0,46.8,98.9,38.1,85.5,3.2,7.9,98.9,99.9,99.8,94.7,99.9,99.9,99.9,,18.0,,,17.0,24.0,58722.0,12993050.0,550558.0,221.0,9.0,4.696706515445658,0.8344402438609039,26.5,,,75.40113848132258,64.15312829944484,22.2,1.4,72.6,7.2,,50.18958776873169,
2023-24,Telangana,State,,,,,,,0.1,0.0,0.0,0.0,9.6,0.0,6.3,0.0,8.0,-0.1,,100.0,98.4,99.8,99.1,,0.9000000000000057,,,,86.2,61.9,,,,,109.5,83.1,,,,92.2,92.7,89.5,81.6,91.9,92.1,92.9,79.1,77.9,39.9,6.3,72.9,11.8,44.1,6.1,26.4,3.1,89.1,91.3,85.4,21.9,93.6,77.5,,12.0,,,13.0,21.0,42901.0,7293644.0,341460.0,170.0,8.0,13.950723759352929,4.887997948765763,30.700000000000003,,,63.06009488666315,69.97972075243001,16.0,10.0,49.7,15.5,,49.59473544067861,
2023-24,Tripura,State,,,,,,,4.5,3.6,4.1,2.2,9.1,1.5,8.6,1.8,8.9,-0.8999999999999999,,92.0,86.6,89.4,88.0,,12.0,,,,83.7,51.5,,,,,97.6,67.2,,,,76.1,86.9,74.3,72.5,82.5,89.7,77.7,82.8,49.3,35.3,9.8,63.6,30.8,33.5,3.6,13.8,2.7,76.2,86.9,73.7,34.0,81.6,68.5,,15.0,,,14.0,18.0,4923.0,689408.0,37661.0,140.0,8.0,6.317286207596993,0.20312817387771687,35.5,,,36.711717692042164,86.0857200893764,18.7,36.3,18.7,10.2,,50.809189275157266,
2023-24,Uttar Pradesh,State,,,,,,,3.1,4.8,3.9,5.4,6.9,5.4,4.8,5.4,5.9,1.6999999999999997,,79.5,79.0,74.5,76.9,,23.099999999999994,,,,69.3,37.0,,,,,78.8,58.5,,,,84.7,96.3,94.5,95.1,96.3,95.9,82.1,62.2,40.2,38.6,40.4,71.9,20.9,49.8,13.6,14.5,1.8,88.7,97.5,95.3,25.1,98.0,89.8,,22.0,,,33.0,27.0,255087.0,41662794.0,1538479.0,163.0,6.0,3.475676925911552,0.3551729409966012,10.7,,,48.55431890848039,53.74715293213688,22.9,1.0,56.6,17.2,,46.29650205438075,
2023-24,Uttarakhand,State,,,,,,,2.6,1.9,2.3,1.1,7.1,0.6,4.1,0.8,5.6,-0.7000000000000002,,94.5,90.8,92.3,91.5,,8.5,,,,82.5,58.7,,,,,103.0,83.2,,,,90.2,92.8,87.3,87.3,92.5,97.6,97.3,84.0,86.6,68.5,9.9,75.6,67.5,69.8,8.5,24.2,1.4,88.1,92.4,86.3,63.0,98.9,85.0,,14.0,,,14.0,18.0,22551.0,2372400.0,130741.0,105.0,6.0,15.285353199414661,0.1995476918983637,48.8,,,57.430339373264694,71.84160347656423,20.3,2.3,28.7,15.5,,48.36642879537719,
2023-24,West Bengal,State,,,,,,,0.0,0.0,0.0,0.0,15.9,0.0,8.4,0.0,12.0,0.0,,100.0,100.0,100.0,100.0,,0.0,,,,85.3,43.9,,,,,102.2,83.4,,,,97.0,99.3,99.8,99.8,99.9,98.1,90.2,83.9,22.3,17.5,30.6,78.5,15.5,37.7,4.7,4.7,0.4,97.6,99.6,99.9,15.1,93.6,85.2,,28.0,,,28.0,31.0,93945.0,18015525.0,576557.0,192.0,6.0,6.776305285007185,3.4637287774761827,19.6,,,44.26414040589221,87.61190058012667,25.0,6.4,12.2,36.5,,52.69686414684773,
2023-24,India,National,,,,,,,5.2,5.3,5.2,3.9,12.3,3.5,9.4,3.7,10.9,0.09999999999999964,,88.8,83.7,82.9,83.3,,16.700000000000003,,,,78.0,45.6,,,,,89.5,66.5,,,,89.7,95.9,93.6,91.4,95.4,94.7,89.0,75.2,57.2,53.9,32.2,77.1,36.2,55.9,10.5,24.4,7.5,89.7,96.1,93.2,46.2,92.7,85.1,,18.0,,,21.0,25.0,1471891.0,248045828.0,9807600.0,169.0,7.0,7.539349041471141,0.8800923437944794,20.6,,,53.33184469187161,69.1396305840582,18.0,9.9,45.2,15.8,,48.80916441201978,
2024-25,Andaman and Nicobar Islands,UT,0.5,0.1,0.3,7.3,3.5,5.4,1.4,0.8,1.1,,,,,,,-0.5999999999999999,-3.8,98.7,97.1,97.1,97.1,92.5,2.9000000000000057,91.9,87.7,88.3,,,92.5,2.1,92.3,94.6,92.1,,51.0,90.8,1.0,92.2,100.0,100.0,99.3,100.0,100.0,99.5,99.8,84.8,64.7,29.2,66.2,77.2,76.6,3.4,44.4,2.9,90.4,100.0,100.0,59.1,100.0,72.8,9.0,8.0,6.0,10.0,,12.0,408.0,71343.0,6132.0,175.0,15.0,0.9803921568627451,0.0,30.6,95.9,94.1,69.43900848010436,82.1078431372549,0.7,9.5,27.0,10.3,48.22228074795891,,1.1674224014830774
2024-25,Andhra Pradesh,State,1.8,1.0,1.4,18.4,12.5,15.5,4.7,2.6,3.7,,,,,,,-2.1,-5.899999999999999,94.5,92.3,96.2,94.2,76.0,5.799999999999997,100.0,96.3,97.6,,,83.9,0.5,89.4,89.6,101.0,,64.6,88.5,1.0,99.7,100.0,98.8,88.8,99.2,99.6,100.0,96.0,79.6,99.0,23.6,88.8,70.4,61.8,7.0,47.5,12.6,99.5,100.0,98.4,98.7,100.0,88.6,21.0,15.0,10.0,30.0,,25.0,61317.0,8454817.0,342721.0,138.0,6.0,21.057781691863596,0.0016308690901381347,38.5,92.6,92.0,54.32728079108079,73.2031899799403,19.6,7.0,51.8,8.9,48.53494612735174,,1.1322235850200681
2024-25,Arunachal Pradesh,State,5.2,4.5,4.8,19.0,17.7,18.3,4.9,5.3,5.1,,,,,,,0.39999999999999947,-1.3000000000000007,90.4,82.7,83.9,83.3,60.7,16.700000000000003,51.0,32.3,34.8,,,71.7,10.0,69.3,72.7,86.9,,34.4,74.1,1.1,62.3,90.8,73.7,75.5,79.7,54.4,43.8,54.4,47.7,33.6,8.8,28.2,30.0,53.6,13.0,25.7,1.3,53.4,88.5,67.4,24.2,36.2,28.9,9.0,7.0,9.0,14.0,,13.0,3229.0,319826.0,25117.0,99.0,8.0,17.40476927841437,0.6503561474140601,45.6,89.7,87.1,52.665525341402244,79.21957262310313,1.8,72.7,4.2,2.0,51.47615788272872,,1.0831361398861756
2024-25,Assam,State,4.7,2.9,3.8,18.5,16.7,17.5,7.0,3.2,5.0,,,,,,,-3.8,-1.8000000000000007,90.3,84.4,89.9,87.3,61.4,12.700000000000003,69.1,51.1,57.4,,,75.8,6.6,79.6,89.7,91.1,,47.8,76.5,1.3,88.8,97.6,94.3,93.6,95.1,93.0,93.6,84.3,78.7,87.2,24.1,79.9,83.4,36.2,6.9,20.8,2.0,95.7,98.8,99.1,98.1,99.9,95.4,19.0,13.0,12.0,19.0,,21.0,55283.0,7041824.0,340471.0,127.0,6.0,5.101025631749363,0.0,22.1,66.6,51.7,44.9762241130669,80.93084673407739,7.3,14.9,26.4,41.6,54.87483409077851,,0.9487455184098249
2024-25,Bihar,State,4.5,1.2,2.9,7.0,6.8,6.9,11.9,6.6,9.3,,,,,,,-5.300000000000001,-0.20000000000000018,71.8,64.4,68.9,66.7,65.8,33.3,72.8,35.9,37.8,,,86.1,7.0,51.1,54.8,68.9,,28.8,54.3,1.1,97.1,99.6,98.1,97.5,99.2,97.2,66.7,32.7,25.2,84.8,18.5,82.2,20.8,26.0,10.3,14.9,3.4,97.4,99.6,98.1,84.7,65.9,87.7,26.0,19.0,26.0,27.0,,30.0,94339.0,21133228.0,707516.0,224.0,7.0,1.9769130476261145,0.00530003498023087,4.4,95.2,93.3,43.451031496107504,80.89973393824398,18.2,1.9,65.0,17.7,51.80631549761945,,0.985912520227215
2024-25,Chandigarh,UT,0.5,0.0,0.2,2.8,1.1,2.0,0.9,0.0,0.4,,,,,,,-0.9,-1.6999999999999997,100.0,98.4,99.8,99.0,100.0,1.0,100.0,100.0,100.0,,,94.0,4.0,110.1,118.7,120.3,,72.6,100.0,1.1,100.0,100.0,100.0,100.0,100.0,100.0,100.0,97.6,99.5,100.0,89.9,95.2,86.5,98.2,85.5,95.2,14.0,100.0,100.0,100.0,100.0,100.0,100.0,22.0,15.0,10.0,23.0,,25.0,207.0,253012.0,9968.0,1222.0,48.0,0.0,0.0,0.0,99.0,98.6,80.64807383627608,57.00483091787439,8.3,0.3,4.0,5.6,46.874145516915654,,1.6811643279928326
2024-25,Chhattisgarh,State,1.1,0.4,0.7,19.2,11.6,15.3,4.2,2.5,3.4,,,,,,,-1.7000000000000002,-7.6,96.6,85.9,90.8,88.3,77.3,11.700000000000003,89.4,60.4,67.6,,,76.9,7.8,77.5,81.5,91.3,,46.5,67.0,1.1,90.9,98.8,90.0,84.3,93.2,97.7,97.6,91.9,62.7,64.3,51.0,77.4,53.3,78.4,5.9,22.6,1.4,89.9,98.6,88.7,62.3,98.8,82.0,18.0,15.0,14.0,12.0,,20.0,56802.0,5806871.0,285248.0,102.0,5.0,10.515474807225097,0.0,24.6,86.9,83.2,51.54286796051155,85.96000140840111,14.5,29.9,46.5,2.0,51.426711105044255,,1.431176324160712
2024-25,Dadra and Nagar Haveli and Daman and Diu,UT,0.0,0.0,0.0,16.1,8.6,12.5,2.3,0.8,1.6,,,,,,,-1.4999999999999998,-7.500000000000002,100.0,93.1,97.2,95.0,91.4,5.0,95.5,76.4,83.0,,,81.8,5.7,104.9,114.3,111.8,,71.1,100.0,1.2,100.0,100.0,99.8,99.8,100.0,100.0,99.8,100.0,97.2,99.5,92.8,98.4,81.3,84.3,21.9,69.7,1.4,100.0,100.0,99.7,99.7,100.0,99.4,28.0,26.0,19.0,21.0,,28.0,433.0,146825.0,5288.0,339.0,12.0,0.0,0.0,5.800000000000001,97.0,93.7,68.267776096823,83.37182448036951,2.5,35.8,12.6,5.4,47.820672478206724,,0.8873938480905554
2024-25,Delhi,UT,0.0,0.0,0.0,9.1,5.8,7.5,1.3,0.2,0.8,,,,,,,-1.1,-3.3,97.7,85.2,88.7,86.9,100.0,13.099999999999994,100.0,88.2,87.9,,,82.8,9.6,101.1,104.7,117.1,,77.1,100.0,1.1,100.0,100.0,100.0,99.7,100.0,100.0,100.0,98.0,99.9,100.0,99.4,99.2,81.5,97.4,33.2,75.7,7.7,100.0,100.0,99.9,100.0,100.0,99.6,29.0,28.0,17.0,20.0,,28.0,5556.0,4491032.0,161958.0,808.0,29.0,0.16198704103671707,0.0,1.1,98.8,98.7,73.20292915447214,48.2541396688265,9.5,0.5,6.4,14.5,47.366044319286225,,0.9295406704182355
2024-25,Goa,State,0.3,0.2,0.3,12.2,6.3,9.3,0.8,0.8,0.8,,,,,,,0.0,-5.8999999999999995,99.9,97.9,98.1,98.0,90.9,2.0,93.0,80.9,85.6,,,85.6,5.0,107.5,110.1,116.2,,75.3,100.0,1.0,100.0,100.0,99.9,99.9,100.0,100.0,100.0,98.4,57.1,93.2,10.1,65.3,76.3,97.5,3.2,28.3,2.8,100.0,100.0,99.9,89.1,100.0,92.7,23.0,14.0,8.0,16.0,,20.0,1479.0,300546.0,15196.0,203.0,10.0,4.192021636240703,0.0,32.3,98.1,97.2,81.85706764938142,52.73833671399595,1.9,8.4,11.2,12.8,48.338633622107686,,1.577255106883295
2024-25,Gujarat,State,0.4,0.0,0.2,18.8,14.6,16.9,5.4,6.3,5.8,,,,,,,0.8999999999999995,-4.200000000000001,95.3,86.6,83.3,85.0,76.0,15.0,90.5,71.2,69.3,,,81.0,2.0,74.7,73.3,92.8,,42.1,67.0,1.0,99.9,99.9,97.9,97.4,98.8,98.0,96.0,85.1,97.8,96.5,37.4,81.1,48.7,46.3,9.0,67.3,2.5,99.8,99.8,96.9,97.4,98.7,95.0,24.0,24.0,27.0,25.0,,30.0,53355.0,11501328.0,389063.0,216.0,7.0,5.502764501921095,0.11807703120607253,12.100000000000001,97.1,96.2,56.78694710111216,64.91987630025302,6.4,16.9,46.2,10.7,45.2655846121603,,0.5974815211900663
2024-25,Haryana,State,0.0,0.0,0.0,8.7,4.1,6.6,2.4,0.9,1.7,,,,,,,-1.5,-4.6,99.0,92.4,93.7,93.0,86.9,7.0,96.5,95.6,97.1,,,91.2,2.2,90.3,90.2,102.5,,60.1,94.5,1.0,100.0,100.0,99.8,99.9,100.0,99.8,97.9,89.7,97.3,78.9,51.6,75.2,50.5,76.3,23.8,50.3,2.8,100.0,100.0,99.8,69.3,99.9,87.2,21.0,17.0,10.0,11.0,,22.0,23494.0,5769330.0,263942.0,246.0,11.0,4.537328679662893,0.0,12.6,95.1,93.4,65.6958725780664,61.02834766323316,20.7,0.0,28.9,9.0,45.19049297502777,,0.4196477289566244
2024-25,Himachal Pradesh,State,0.0,0.0,0.0,7.4,4.8,6.2,0.8,0.3,0.5,,,,,,,-0.5,-2.6000000000000005,99.5,97.7,98.4,98.0,86.3,2.0,94.9,90.5,91.1,,,90.3,3.6,102.6,104.5,103.2,,40.9,94.8,1.0,99.0,100.0,99.1,98.8,99.6,99.6,99.6,95.2,77.9,63.5,28.2,85.6,83.6,81.2,7.0,48.9,2.4,98.9,100.0,99.0,59.1,99.9,94.7,13.0,8.0,6.0,9.0,,14.0,17330.0,1425266.0,102825.0,82.0,6.0,17.10328909405655,0.0,49.1,96.1,94.7,54.58594699732555,84.96826312752452,25.6,6.0,14.0,2.6,47.6430968966297,,0.518359430993018
2024-25,Jammu and Kashmir,UT,1.9,1.1,1.5,13.6,12.2,12.9,3.1,3.2,3.2,,,,,,,0.10000000000000009,-1.4000000000000004,94.8,91.2,90.2,90.7,72.9,9.299999999999997,75.6,55.9,55.6,,,84.6,2.5,66.1,67.5,77.3,,35.2,61.2,1.0,87.2,99.5,84.4,81.3,90.9,93.6,75.1,76.6,43.1,49.1,7.2,45.4,20.7,72.7,16.2,16.5,1.6,86.5,99.3,81.2,42.6,73.6,50.9,12.0,9.0,12.0,22.0,,16.0,24192.0,2654012.0,166717.0,110.0,7.0,5.667162698412699,0.6035052910052909,28.0,91.3,87.5,50.20723741430088,77.64963624338624,8.2,15.4,7.4,68.9,47.44929817580892,,0.940891607696589
2024-25,Jharkhand,State,0.0,0.0,0.0,4.6,2.4,3.5,3.3,0.0,1.7,,,,,,,-3.3,-2.1999999999999997,89.6,78.4,84.3,81.3,74.7,18.700000000000003,77.2,52.3,55.3,,,91.3,5.2,72.6,75.8,83.1,,44.4,76.5,1.1,92.7,98.8,95.9,94.8,96.5,93.8,94.7,70.9,76.0,57.9,6.4,67.2,27.7,58.1,14.4,14.8,2.1,93.3,98.6,95.8,55.8,98.2,76.5,26.0,24.0,30.0,47.0,,36.0,44376.0,7436931.0,209203.0,168.0,5.0,20.668829998197225,0.24112132684333873,16.1,95.4,93.5,41.487454768813066,80.64719668289165,12.3,27.0,47.7,15.2,50.89894302310549,,0.7562180589290405
2024-25,Karnataka,State,0.3,0.0,0.0,21.9,14.6,18.3,2.6,1.6,2.1,,,,,,,-1.0,-7.299999999999999,97.9,96.0,97.4,96.7,62.5,3.299999999999997,93.5,87.7,89.2,,,79.0,2.7,101.3,102.0,102.8,,71.4,99.5,1.0,98.3,99.9,98.5,96.1,99.3,93.6,98.4,91.6,55.7,50.7,18.1,76.4,32.4,57.6,13.0,25.9,3.9,97.8,99.9,98.0,36.3,99.1,87.8,21.0,17.0,18.0,28.0,,26.0,74859.0,11780251.0,452602.0,157.0,6.0,9.817122857639028,0.3606780747805875,28.099999999999998,90.4,89.1,62.605114427245134,65.2479995725297,18.0,7.5,63.5,16.3,48.60552068596073,,0.7332605937263735
2024-25,Kerala,State,0.9,0.7,0.8,5.8,3.7,4.8,0.6,0.3,0.4,,,,,,,-0.3,-2.0999999999999996,99.3,99.5,99.8,99.6,90.2,0.4000000000000057,98.9,99.5,99.9,,,94.9,0.3,98.7,99.4,98.9,,73.8,97.4,1.0,99.7,99.9,99.6,99.3,99.8,99.8,98.9,88.7,99.5,91.7,35.5,83.2,75.8,74.2,13.0,59.7,19.5,99.4,99.9,99.4,89.2,99.3,95.5,22.0,18.0,13.0,20.0,,21.0,15757.0,6164059.0,292072.0,391.0,19.0,0.3998223011994669,0.2982801294662689,8.6,97.9,97.2,81.40047659481225,30.51342260582598,8.5,1.5,69.8,39.4,49.045831990377486,,2.0441372163087137
2024-25,Ladakh,UT,3.7,1.5,2.6,18.3,14.4,16.2,5.3,3.7,4.5,,,,,,,-1.5999999999999996,-3.9000000000000004,93.2,91.9,96.5,94.3,61.6,5.700000000000003,68.8,70.1,75.6,,,79.6,4.2,82.6,88.8,84.3,,47.8,71.9,1.2,76.4,97.0,89.5,92.3,95.5,77.1,95.1,92.1,60.2,50.8,25.0,61.2,15.6,79.4,29.8,38.3,4.0,74.4,96.6,88.3,48.2,95.7,68.0,5.0,3.0,5.0,8.0,,8.0,961.0,57107.0,6908.0,59.0,7.0,5.6191467221644125,1.040582726326743,64.2,92.5,87.7,53.73480023161552,84.49531737773152,0.3,93.0,0.3,58.9,52.90963776644436,,1.2500749445410397
2024-25,Lakshadweep,UT,0.9,0.4,0.6,3.2,5.0,4.1,3.1,1.5,2.3,,,,,,,-1.6,1.7999999999999998,97.0,100.0,97.6,99.0,91.3,1.0,95.9,96.9,100.0,,,93.6,2.2,79.5,81.1,81.1,,61.8,72.3,1.0,100.0,100.0,100.0,100.0,100.0,100.0,100.0,100.0,100.0,100.0,63.9,97.2,100.0,63.6,0.0,86.1,5.6,100.0,100.0,100.0,100.0,100.0,97.2,17.0,15.0,8.0,8.0,,16.0,36.0,12325.0,751.0,342.0,21.0,0.0,0.0,0.0,94.0,91.8,54.593874833555255,100.0,0.5,97.0,1.7,99.5,49.611973392461195,,1.3277081523762253
2024-25,Madhya Pradesh,State,0.6,0.0,0.0,18.9,14.6,16.8,6.7,5.9,6.3,,,,,,,-0.7999999999999998,-4.299999999999999,91.9,77.4,78.3,77.8,68.9,22.200000000000003,79.9,53.7,56.0,,,72.8,10.4,68.2,68.2,81.8,,37.3,62.1,1.0,87.8,98.9,88.6,87.2,92.1,93.8,98.1,70.2,59.2,45.7,21.4,93.1,18.1,62.6,5.7,19.6,2.2,85.4,98.7,86.8,35.3,99.5,97.8,16.0,14.0,14.0,15.0,,21.0,122120.0,15172607.0,717493.0,124.0,6.0,5.909760890926957,0.3791352767769407,27.7,79.5,76.9,50.400073589568116,75.54045201441205,17.0,21.7,45.5,6.5,48.0618383408534,,1.1982218975160952
2024-25,Maharashtra,State,0.0,0.0,0.0,12.6,10.3,11.5,0.5,0.6,0.6,,,,,,,0.09999999999999998,-2.299999999999999,99.5,98.5,98.3,98.4,79.2,1.5999999999999943,92.2,85.6,86.1,,,87.2,1.3,93.6,93.4,96.5,,62.2,85.9,1.0,88.9,99.6,94.4,92.0,96.1,98.9,98.5,92.2,82.5,72.1,58.4,94.0,53.5,76.1,19.5,63.6,11.2,82.4,99.4,91.1,60.5,99.5,96.6,24.0,24.0,20.0,37.0,,28.0,108250.0,21272611.0,747501.0,197.0,7.0,7.5307159353348725,0.0,28.1,97.6,96.3,52.0887597474786,59.93903002309469,12.3,11.3,33.1,14.1,46.6434795513343,,1.1630960792737484
2024-25,Manipur,State,3.2,2.6,2.9,9.6,8.6,9.1,1.0,0.3,0.6,,,,,,,-0.7,-1.0,84.3,90.1,91.7,90.9,77.9,9.099999999999994,60.1,52.3,53.0,,,86.7,4.2,78.8,81.2,92.8,,52.4,83.4,1.1,63.3,99.6,74.5,76.4,81.9,80.6,28.0,48.6,38.0,36.6,9.9,42.6,40.0,55.2,17.0,18.6,1.4,55.0,99.7,70.8,25.9,14.2,54.3,13.0,9.0,9.0,14.0,,16.0,4666.0,673118.0,41490.0,144.0,9.0,8.208315473639091,0.7501071581654523,37.6,77.3,71.3,56.736563027235476,63.26618088298328,4.9,40.1,32.3,9.6,50.14207800540813,,0.8061540984054545
2024-25,Meghalaya,State,5.1,3.2,4.2,18.4,16.6,17.4,9.9,6.0,7.8,,,,,,,-3.9000000000000004,-1.7999999999999972,75.5,60.6,68.6,65.0,47.8,35.0,39.2,27.9,32.7,,,60.5,22.2,86.2,100.1,115.6,,42.3,94.4,1.4,28.1,68.7,68.7,72.0,75.6,42.7,28.5,63.1,19.7,26.4,3.2,32.8,32.4,31.9,4.3,4.3,0.7,18.2,65.6,70.1,24.9,32.8,47.7,18.0,12.0,10.0,15.0,,19.0,14587.0,1061320.0,57002.0,73.0,4.0,9.693562761362857,0.5073010214574621,38.400000000000006,67.4,59.6,60.28735833830392,53.39686021800233,1.5,91.2,1.0,3.9,56.93121020265421,,0.34663594148249016
2024-25,Mizoram,State,10.8,10.7,10.8,18.9,16.0,17.4,12.8,10.3,11.6,,,,,,,-2.5,-2.8999999999999986,91.1,74.1,81.4,77.8,58.5,22.200000000000003,51.3,39.2,42.9,,,67.3,15.3,95.5,102.2,104.3,,62.6,94.8,1.1,80.3,93.3,79.1,79.9,84.6,74.3,76.8,65.8,76.7,64.9,15.0,44.4,41.2,30.6,2.5,11.3,0.1,75.5,91.5,72.6,62.9,90.6,56.4,12.0,6.0,8.0,11.0,,11.0,3974.0,279882.0,24952.0,70.0,6.0,2.9441368897835933,0.8052340211373931,37.3,85.3,80.8,51.158223789676185,65.85304479114242,0.8,97.8,0.3,0.6,52.017084668073025,,1.3918976545842219
2024-25,Nagaland,State,3.1,2.5,2.8,13.0,11.2,12.1,5.6,3.8,4.7,,,,,,,-1.7999999999999998,-1.8000000000000007,91.5,81.3,86.3,83.8,75.3,16.200000000000003,48.5,45.0,48.5,,,74.6,13.3,61.8,67.2,71.0,,37.5,60.0,1.2,78.2,88.3,80.6,80.7,84.6,69.8,79.5,44.9,90.8,59.0,8.4,42.1,51.3,47.7,15.2,32.8,1.2,71.5,85.7,73.8,50.6,86.7,52.7,9.0,7.0,8.0,16.0,,13.0,2750.0,414421.0,33131.0,151.0,12.0,0.9454545454545455,0.0,34.9,72.3,64.8,59.095710965560954,70.39999999999999,1.9,84.1,4.0,6.3,51.66382568739346,,0.46431552587646074
2024-25,Odisha,State,1.0,0.3,0.7,17.3,12.6,15.0,3.7,2.6,3.2,,,,,,,-1.1,-4.700000000000001,96.6,90.7,92.8,91.7,71.9,8.299999999999997,92.4,74.7,76.3,,,83.9,1.1,84.0,85.0,95.5,,65.1,84.4,1.0,96.9,100.0,98.1,96.5,99.0,99.6,99.8,95.9,76.7,83.8,70.6,95.3,93.4,80.0,13.4,33.9,15.0,96.7,100.0,98.3,83.0,100.0,97.3,16.0,15.0,16.0,37.0,,22.0,61565.0,7644052.0,344116.0,124.0,6.0,1.7688621781856575,0.004872898562494924,21.200000000000003,96.4,95.0,49.13430354880331,78.98156420043856,18.5,27.1,37.5,2.4,49.12289903444987,,1.2536590473671692
2024-25,Puducherry,UT,0.0,0.0,0.0,8.7,3.1,5.9,0.0,0.0,0.0,,,,,,,0.0,-5.6,100.0,99.3,99.9,99.6,90.1,0.4000000000000057,89.8,90.1,92.5,,,92.6,1.4,98.1,102.2,98.6,,80.2,95.8,1.1,100.0,100.0,99.9,99.3,100.0,100.0,100.0,99.7,99.5,99.6,37.7,68.5,24.6,79.4,6.4,72.5,7.5,100.0,100.0,100.0,100.0,100.0,92.8,14.0,12.0,9.0,15.0,,18.0,763.0,240691.0,13639.0,315.0,18.0,0.0,0.0,5.9,97.8,96.7,78.01158442701079,54.914809960681524,18.0,0.4,72.9,8.3,49.10891089108911,,0.46149676167651
2024-25,Punjab,State,2.7,2.3,2.5,7.0,5.2,6.2,3.0,2.4,2.7,,,,,,,-0.6000000000000001,-1.7999999999999998,96.4,93.5,94.9,94.2,90.7,5.799999999999997,93.0,78.2,80.6,,,92.5,1.3,92.6,95.3,101.5,,53.9,91.6,1.1,99.9,100.0,98.6,97.8,99.5,99.9,98.6,86.1,99.0,88.9,56.3,80.1,75.0,75.5,21.2,80.1,5.3,99.9,100.0,98.4,86.8,99.9,89.8,20.0,15.0,9.0,16.0,,22.0,27281.0,5908507.0,273130.0,217.0,10.0,8.910963674352113,0.04765221216231076,14.0,97.1,95.0,76.64591952550067,70.53627066456508,36.1,0.1,15.3,2.9,46.72249438199501,,1.03733946523692
2024-25,Rajasthan,State,3.9,3.3,3.6,8.1,7.1,7.7,3.5,3.6,3.6,,,,,,,0.10000000000000009,-1.0,93.8,90.1,90.4,90.2,88.2,9.799999999999997,78.7,55.9,56.9,,,87.8,4.5,82.2,81.2,92.1,,45.6,79.2,1.0,91.3,98.7,87.3,86.3,89.3,96.8,80.4,66.5,53.3,69.9,20.8,68.4,28.8,26.8,7.9,23.8,1.9,89.9,98.3,87.3,64.5,83.6,75.6,18.0,12.0,11.0,15.0,,21.0,106302.0,16364187.0,792265.0,154.0,7.0,5.754360218998702,0.20225395571108729,25.5,96.4,94.6,41.89141259553306,65.99593610656432,19.5,14.5,49.0,7.3,46.80378502186336,,0.4567674176054737
2024-25,Sikkim,State,2.4,0.6,1.5,14.4,8.4,11.4,3.7,1.6,2.7,,,,,,,-2.1,-6.0,89.6,85.8,89.6,87.7,80.1,12.299999999999997,75.2,67.3,75.8,,,79.1,9.5,72.0,73.6,75.8,,41.5,67.3,1.0,97.0,99.8,97.7,98.5,99.5,97.9,92.0,90.8,93.7,51.6,26.6,44.5,54.4,76.3,17.0,51.6,6.3,96.5,99.9,97.9,44.7,94.0,58.3,6.0,6.0,5.0,7.0,,8.0,1245.0,117576.0,14994.0,94.0,12.0,2.891566265060241,0.0,41.900000000000006,87.6,82.5,64.09230358810191,68.83534136546184,8.3,35.1,35.3,2.7,50.210921698930946,,0.9565545901020023
2024-25,Tamil Nadu,State,2.9,2.5,2.7,11.6,5.3,8.5,3.2,2.4,2.8,,,,,,,-0.8000000000000003,-6.3,96.7,95.8,97.3,96.6,87.0,3.4000000000000057,95.9,89.3,90.7,,,90.5,1.0,95.5,96.6,97.6,,81.3,94.7,1.0,99.6,99.6,94.5,90.9,98.5,99.1,99.1,95.3,92.6,84.9,48.3,92.7,46.1,80.1,5.3,60.8,12.8,99.7,99.7,92.1,85.8,99.4,95.3,20.0,18.0,12.0,21.0,,23.0,57935.0,12518167.0,549850.0,216.0,9.0,6.336411495641666,0.5368084922758264,28.299999999999997,98.9,98.0,76.46212603437301,64.94519720376285,22.3,1.4,70.7,7.2,48.805741001208425,,1.0977465420028318
2024-25,Telangana,State,0.0,0.0,0.0,15.6,10.7,13.2,0.3,0.0,0.0,,,,,,,-0.3,-4.9,99.9,98.3,99.6,98.9,72.8,1.0999999999999943,94.0,77.1,79.1,,,86.5,0.3,99.9,101.5,111.6,,59.4,94.0,1.0,95.1,99.5,92.9,86.7,94.6,95.9,94.9,84.5,86.0,63.3,6.8,76.7,43.1,67.2,6.2,36.6,85.7,93.3,99.4,90.1,52.9,95.6,80.8,18.0,12.0,9.0,24.0,,21.0,43154.0,7457851.0,357911.0,173.0,8.0,11.588728738934977,5.202298744032998,32.3,97.4,96.0,64.24977159126152,69.65055383046763,15.4,9.7,49.4,16.2,48.874557366360186,,1.0883413152747368
2024-25,Tripura,State,0.0,0.0,0.0,12.3,10.2,11.3,4.1,2.3,3.2,,,,,,,-1.7999999999999998,-2.1000000000000014,94.2,86.7,91.0,88.9,83.5,11.099999999999994,85.0,67.2,71.3,,,84.2,4.5,80.2,85.0,99.9,,63.3,79.4,1.1,80.0,96.1,75.4,74.1,83.7,93.2,78.2,80.6,66.5,41.7,12.1,63.6,33.6,34.8,4.5,21.6,2.8,79.7,95.8,74.4,40.6,82.2,69.4,16.0,15.0,11.0,14.0,,18.0,4943.0,690084.0,37733.0,140.0,8.0,6.878413918672871,0.0,37.7,84.2,81.5,37.87135928762622,84.70564434553914,18.6,36.7,18.7,10.3,51.24385992711139,,0.5008141473509397
2024-25,Uttar Pradesh,State,0.0,0.0,0.0,8.7,5.1,7.0,2.9,3.1,3.0,,,,,,,0.20000000000000018,-3.5999999999999996,91.0,78.6,77.6,78.1,76.6,21.900000000000006,70.4,49.6,48.4,,,89.3,3.6,64.3,64.3,83.9,,31.9,68.4,1.0,86.0,99.4,94.0,94.5,95.7,95.9,81.6,62.2,60.1,45.9,43.4,71.2,22.3,50.1,13.9,19.8,2.0,90.7,99.5,94.8,35.6,98.2,90.2,20.0,22.0,22.0,35.0,,26.0,262358.0,42789347.0,1615427.0,163.0,6.0,3.624055679643846,0.030873844136637723,12.399999999999999,88.8,84.8,49.88247689310628,52.2842833075416,22.7,1.0,56.5,17.4,47.1874384631718,,1.0081522969418253
2024-25,Uttarakhand,State,1.2,0.5,0.9,6.0,3.0,4.6,2.0,0.8,1.4,,,,,,,-1.2,-3.0,97.3,92.2,94.3,93.2,89.9,6.799999999999997,82.9,70.9,73.5,,,92.3,3.1,93.4,96.0,103.9,,50.2,94.5,1.1,94.3,99.0,90.9,89.1,94.6,97.8,97.0,84.2,91.3,72.3,10.7,81.7,67.5,68.9,8.2,31.6,1.6,92.8,98.7,90.0,66.8,98.9,87.5,15.0,13.0,10.0,14.0,,18.0,22452.0,2426815.0,134263.0,108.0,6.0,13.179226794940316,0.173703901656868,51.0,96.7,95.4,58.68482009190916,71.34331017281312,19.7,2.3,29.1,15.9,47.672331919780895,,0.25848321294046667
2024-25,West Bengal,State,1.8,1.0,1.4,23.4,16.7,20.0,4.4,1.5,3.0,,,,,,,-2.9000000000000004,-6.699999999999999,98.9,88.6,95.2,91.9,57.4,8.099999999999994,88.3,70.9,77.5,,,66.2,13.8,99.4,104.8,101.4,,44.2,92.1,1.1,97.1,99.9,99.6,99.5,99.7,97.7,88.7,67.2,25.1,18.6,30.8,78.9,21.1,39.2,5.2,5.7,0.4,97.5,99.9,99.7,16.0,92.6,85.5,21.0,27.0,18.0,21.0,,29.0,93715.0,17081511.0,583825.0,182.0,6.0,6.916715573814224,4.06765192338473,21.7,97.1,96.1,44.6123410268488,87.66366110014405,24.6,6.3,12.6,37.1,51.4954004410208,,1.0194436046338902
2024-25,India,National,0.8,0.0,0.3,13.3,9.6,11.5,4.1,2.9,3.5,,,,,,,-1.1999999999999997,-3.700000000000001,92.2,85.9,87.3,86.6,75.1,13.400000000000006,82.8,62.9,64.2,,,83.9,4.6,78.7,80.2,90.3,,47.5,77.3,1.0,91.9,99.0,94.0,92.4,95.8,95.9,89.5,75.5,64.7,63.5,33.4,79.1,40.2,57.1,10.8,30.6,6.9,92.3,99.0,93.6,58.6,93.4,87.7,20.0,17.0,15.0,23.0,,24.0,1471473.0,246932680.0,10122420.0,168.0,7.0,7.076242649372431,0.5431971908421018,22.2,92.7,90.4,54.15322620480083,68.86446438364823,17.8,9.9,45.2,16.0,48.585072431277275,,0.9769697237828927
2025-26,Andaman and Nicobar Islands,UT,0.1,0.0,0.0,4.3,2.8,3.6,0.9,0.8,0.9,,,,,,,-0.09999999999999998,-1.5,99.5,97.1,97.5,97.3,94.9,2.700000000000003,93.2,91.2,92.5,,,94.3,2.1,91.2,93.2,85.8,,50.6,89.1,1.0,92.5,100.0,100.0,100.0,100.0,100.0,99.5,99.8,90.3,68.1,31.4,67.9,79.1,79.2,5.8,44.3,3.2,90.7,100.0,100.0,62.4,100.0,74.0,9.0,7.0,6.0,10.0,,12.0,411.0,71297.0,6137.0,173.0,15.0,0.24330900243309003,0.0,29.3,96.2,94.2,69.51279126609093,81.50851581508516,0.7,9.6,27.0,10.4,47.96995170810231,,1.307389816659006
2025-26,Andhra Pradesh,State,0.0,0.0,0.0,12.0,7.2,9.7,0.0,0.0,0.0,,,,,,,0.0,-4.8,99.2,99.1,99.3,99.2,82.1,0.7999999999999972,100.0,97.6,100.0,,,89.9,0.5,93.7,95.1,102.3,,69.1,94.6,1.0,99.7,100.0,98.5,89.3,98.9,99.6,100.0,98.2,76.9,99.2,25.5,88.5,69.9,58.5,6.8,52.2,12.1,99.6,100.0,98.1,98.9,100.0,88.5,20.0,16.0,10.0,31.0,,24.0,60843.0,8437049.0,353745.0,139.0,6.0,26.883947208388804,0.01643574445704518,38.6,93.2,92.5,55.27767176921229,72.6821491379452,19.6,7.2,51.6,9.0,48.63910568682941,,1.178968261675982
2025-26,Arunachal Pradesh,State,3.7,2.8,3.3,13.5,12.4,13.0,4.3,4.3,4.3,,,,,,,0.0,-1.0999999999999996,91.3,86.5,88.2,87.4,71.5,12.599999999999994,51.1,39.6,42.8,,,77.3,9.8,75.1,79.2,85.8,,36.6,76.5,1.1,64.2,90.5,74.4,76.3,80.1,56.2,44.1,57.1,50.0,36.0,11.4,28.7,33.0,53.3,14.2,27.6,1.6,55.2,88.0,67.9,26.1,35.8,29.1,9.0,7.0,9.0,15.0,,13.0,3159.0,320836.0,25277.0,102.0,8.0,14.973092750870528,4.241848686293131,45.0,89.4,86.7,53.40823673695454,78.12598923710034,1.8,72.8,4.3,2.1,51.576451820175926,,1.0885238485679551
2025-26,Assam,State,1.7,1.0,1.4,14.7,13.9,14.3,5.3,3.4,4.3,,,,,,,-1.9,-0.7999999999999989,89.1,81.4,85.8,83.8,53.7,16.200000000000003,64.1,49.6,55.4,,,68.4,17.3,85.0,96.3,92.8,,49.3,77.0,1.3,90.2,98.0,99.2,94.9,99.5,95.8,94.5,87.3,85.0,89.0,29.4,81.3,84.2,46.6,7.1,23.8,3.8,96.5,99.2,99.3,98.3,99.8,96.5,18.0,13.0,12.0,19.0,,20.0,55333.0,7045062.0,345219.0,127.0,6.0,5.709070536569497,0.0,23.6,69.0,55.6,46.086107659196045,80.51253320803139,7.4,14.9,26.4,41.7,55.10494632894382,,0.9357050571621726
2025-26,Bihar,State,3.1,1.9,2.5,8.9,9.1,9.0,10.0,8.0,9.0,,,,,,,-2.0,0.1999999999999993,78.5,72.1,76.0,74.1,74.8,25.900000000000006,73.2,56.0,58.9,,,87.6,3.3,53.1,56.9,70.2,,30.0,55.2,1.1,99.3,99.8,99.3,98.9,99.7,99.3,72.6,34.8,43.0,91.0,21.1,88.6,22.4,27.7,10.2,15.4,3.6,99.5,99.8,99.3,91.3,72.2,93.3,23.0,20.0,24.0,27.0,,28.0,95285.0,20696191.0,728945.0,217.0,8.0,2.1052631578947367,0.0,5.0,95.6,93.9,43.638820487142375,80.21724300781865,18.1,1.9,65.0,17.4,51.746747510496306,,0.969915761142588
2025-26,Chandigarh,UT,0.0,0.0,0.0,2.5,0.0,1.3,0.0,0.0,0.0,,,,,,,0.0,-2.5,100.0,95.8,98.0,96.8,100.0,3.200000000000003,100.0,100.0,100.0,,,94.5,4.2,110.0,120.3,118.4,,72.9,100.0,1.2,100.0,100.0,100.0,100.0,100.0,100.0,100.0,97.1,100.0,100.0,92.8,95.7,87.0,95.4,88.0,97.1,13.0,100.0,100.0,100.0,100.0,100.0,100.0,20.0,14.0,10.0,23.0,,24.0,208.0,248376.0,10477.0,1194.0,50.0,0.0,0.0,0.0,98.8,98.4,79.08752505488212,55.769230769230774,8.2,0.3,4.2,5.6,47.4283569015142,,1.7630057803468209
2025-26,Chhattisgarh,State,1.3,0.9,1.1,20.6,11.8,16.1,5.8,3.6,4.7,,,,,,,-2.1999999999999997,-8.8,96.2,84.7,90.5,87.6,79.2,12.400000000000006,88.1,61.2,69.2,,,76.1,7.8,79.1,83.7,89.1,,50.4,74.3,1.1,93.4,99.6,93.6,88.1,95.8,98.3,98.5,96.1,61.4,78.3,52.7,82.0,57.9,79.9,6.7,25.7,2.3,92.7,99.5,92.9,77.3,99.3,87.1,17.0,15.0,13.0,12.0,,20.0,57036.0,5757412.0,288207.0,101.0,5.0,4.314818710989551,0.26123851602496667,26.5,87.0,83.4,52.640983737383195,85.6529209621993,14.5,30.0,46.4,2.0,51.678573980138594,,1.607304007767395
2025-26,Dadra and Nagar Haveli and Daman and Diu,UT,0.0,0.0,0.0,15.8,8.6,12.4,2.6,1.2,1.9,,,,,,,-1.4000000000000001,-7.200000000000001,100.0,93.5,97.0,95.1,86.5,4.900000000000006,94.9,82.0,86.6,,,83.5,4.2,106.9,116.0,110.0,,67.4,98.8,1.2,100.0,100.0,100.0,100.0,100.0,100.0,100.0,99.8,100.0,100.0,94.6,99.8,84.3,88.3,28.4,81.9,6.8,100.0,100.0,100.0,100.0,100.0,100.0,28.0,24.0,20.0,24.0,,28.0,426.0,150892.0,5359.0,354.0,13.0,0.0,0.0,3.5,96.7,92.6,68.35230453442807,82.86384976525821,2.6,35.9,12.6,5.2,47.53598105301512,,1.0285537254092012
2025-26,Delhi,UT,0.0,0.0,0.0,8.3,5.9,7.1,1.6,1.0,1.3,,,,,,,-0.6000000000000001,-2.4000000000000004,98.3,81.8,84.5,83.0,96.7,17.0,100.0,95.8,96.5,,,86.3,6.5,103.8,108.3,118.1,,79.0,100.0,1.1,100.0,100.0,100.0,100.0,100.0,100.0,100.0,99.9,99.9,100.0,100.0,100.0,88.8,99.7,34.0,77.4,8.3,100.0,100.0,100.0,100.0,100.0,99.9,27.0,28.0,16.0,20.0,,28.0,5643.0,4445782.0,161367.0,788.0,29.0,0.12404749246854509,0.0,1.0,98.9,98.8,73.79451808610187,47.634237107921315,9.3,0.5,6.6,14.8,47.470659315866186,,1.0107766603188453
2025-26,Goa,State,0.2,0.1,0.2,8.0,4.7,6.4,1.3,1.0,1.1,,,,,,,-0.30000000000000004,-3.3,99.6,96.9,98.0,97.4,94.0,2.5999999999999943,94.3,91.9,92.4,,,92.6,1.0,110.4,112.8,114.4,,70.4,100.0,1.0,100.0,100.0,100.0,100.0,100.0,100.0,100.0,99.2,59.6,100.0,14.1,65.8,83.5,98.9,4.4,33.5,2.9,100.0,100.0,100.0,100.0,100.0,92.9,21.0,13.0,8.0,15.0,,19.0,1473.0,297337.0,15965.0,202.0,11.0,0.0,0.0,32.5,98.1,97.1,82.33009708737865,52.342158859470466,2.0,8.3,11.0,13.0,48.14082448523406,,1.6291660998503605
2025-26,Gujarat,State,0.0,0.0,0.0,17.6,13.3,15.7,4.0,5.6,4.8,,,,,,,1.5999999999999996,-4.300000000000001,96.5,88.8,84.3,86.7,74.3,13.299999999999997,90.4,72.6,70.6,,,82.6,1.8,76.9,75.2,90.3,,42.9,66.8,1.0,99.9,99.9,98.0,97.8,98.8,98.2,96.1,86.7,97.7,96.8,45.0,83.2,49.5,46.2,9.9,69.9,2.6,99.9,99.9,97.2,97.4,98.6,96.1,24.0,23.0,26.0,25.0,,29.0,53425.0,11567045.0,398473.0,217.0,7.0,4.3706130088909685,0.1085634066448292,12.6,97.2,96.2,57.645561932678,65.01450631726719,6.3,17.0,46.0,10.8,45.11129217120086,,0.5609940610878115
2025-26,Haryana,State,0.0,0.0,0.0,6.7,3.8,5.4,2.0,2.1,2.1,,,,,,,0.10000000000000009,-2.9000000000000004,98.0,93.1,92.6,92.9,89.2,7.099999999999994,96.3,91.8,93.9,,,92.6,2.0,94.4,95.9,101.7,,62.6,97.1,1.0,99.9,100.0,99.8,99.9,100.0,99.9,98.5,91.4,97.6,83.2,57.9,77.0,56.1,77.4,25.8,53.6,3.0,99.9,100.0,99.7,75.7,100.0,89.1,20.0,16.0,10.0,12.0,,22.0,23479.0,5827927.0,267649.0,248.0,11.0,5.443161974530431,0.0,14.2,95.1,93.3,66.4015184065698,61.06733676902765,20.7,0.0,28.9,9.0,45.40981955554223,,0.4211742392985029
2025-26,Himachal Pradesh,State,0.4,0.4,0.4,6.8,4.2,5.6,1.4,1.3,1.3,,,,,,,-0.09999999999999987,-2.5999999999999996,99.0,96.8,96.9,96.9,88.1,3.0999999999999943,94.3,90.7,92.0,,,90.9,3.5,100.8,102.6,102.2,,41.9,95.6,1.0,99.1,100.0,99.9,99.7,100.0,99.8,99.5,96.6,87.2,66.2,32.8,85.6,85.1,78.7,7.2,57.6,2.5,99.0,100.0,99.8,62.1,99.9,94.7,13.0,8.0,6.0,9.0,,14.0,17064.0,1410019.0,103424.0,83.0,6.0,18.330989217065166,0.0,48.7,95.9,94.6,55.1448406559406,84.73980309423348,25.6,6.0,14.1,2.7,47.52253683512932,,0.5378758458072375
2025-26,Jammu and Kashmir,UT,1.3,1.0,1.1,12.0,11.1,11.6,2.7,3.0,2.8,,,,,,,0.2999999999999998,-0.9000000000000004,95.8,92.7,91.5,92.1,75.5,7.900000000000006,75.3,68.7,69.1,,,85.7,2.7,67.1,68.8,77.0,,31.0,59.4,1.0,88.3,99.4,86.1,82.0,91.7,94.2,76.3,78.1,44.5,52.0,8.9,46.5,21.4,72.7,16.2,18.8,1.6,87.1,99.3,83.1,45.5,75.1,52.1,12.0,9.0,12.0,23.0,,16.0,24228.0,2657883.0,166163.0,110.0,7.0,6.3727918111276205,0.7759616972098399,29.4,91.3,87.3,50.89039076087938,77.5425127951131,8.2,16.4,7.0,69.1,47.4463092266458,,0.9352333201280396
2025-26,Jharkhand,State,0.3,0.0,0.1,7.5,5.9,6.6,3.0,1.9,2.5,,,,,,,-1.1,-1.5999999999999996,90.4,81.7,85.6,83.6,77.7,16.400000000000006,74.0,66.5,71.7,,,88.0,5.4,75.8,78.5,84.8,,40.8,68.6,1.1,93.2,98.7,95.0,93.9,95.6,94.1,95.1,73.9,81.2,60.4,8.5,67.6,31.0,59.1,14.9,17.5,2.1,93.8,98.4,94.7,58.6,98.4,76.9,26.0,24.0,31.0,52.0,,36.0,44378.0,7505425.0,209586.0,169.0,5.0,22.143855063319663,0.2816710982919465,17.7,95.5,93.5,42.1907951867014,80.71341655775383,12.3,27.1,47.4,15.6,50.446903925977026,,0.7381186278751415
2025-26,Karnataka,State,0.0,0.0,0.0,22.0,13.9,18.1,1.3,1.0,1.2,,,,,,,-0.30000000000000004,-8.1,99.0,97.3,98.0,97.6,61.5,2.4000000000000057,93.3,87.3,90.7,,,77.7,4.2,100.9,101.1,102.5,,72.0,90.5,1.0,98.9,100.0,98.7,96.5,99.4,94.4,98.7,93.2,58.0,51.7,22.0,77.2,33.1,57.2,13.0,29.1,4.1,98.7,100.0,98.2,37.1,99.3,88.0,20.0,16.0,17.0,27.0,,25.0,74578.0,11714214.0,464814.0,157.0,6.0,10.783340931642039,0.1394513127195688,29.0,91.0,89.7,63.88770561988236,65.06878704175494,17.7,7.5,63.3,16.4,48.25545941895178,,0.72525672790834
2025-26,Kerala,State,0.3,0.1,0.2,5.1,3.0,4.1,0.1,0.0,0.1,,,,,,,-0.1,-2.0999999999999996,99.9,100.0,100.0,100.0,91.5,0.0,99.0,99.1,99.8,,,95.7,0.3,99.4,100.4,96.9,,74.1,97.5,1.0,99.8,99.9,99.6,99.4,99.9,99.9,99.0,91.4,99.5,92.6,48.9,83.9,76.9,74.5,14.0,63.1,18.0,99.7,99.9,99.5,90.4,99.4,95.5,21.0,18.0,13.0,20.0,,21.0,15750.0,6043838.0,294386.0,384.0,19.0,0.4253968253968254,0.4317460317460317,10.0,97.9,97.1,81.79974591183004,30.533333333333335,8.5,1.5,70.0,39.9,49.14174128018086,,1.8936292977256717
2025-26,Ladakh,UT,3.5,0.8,2.2,18.2,15.6,16.8,5.5,2.1,3.7,,,,,,,-3.4,-2.5999999999999996,94.4,91.9,94.8,93.4,68.3,6.599999999999994,68.1,68.5,73.6,,,80.5,2.7,77.1,82.1,84.2,,47.5,70.2,1.1,80.4,96.6,88.1,92.0,94.5,81.8,95.1,94.7,69.3,57.1,28.1,60.4,38.2,80.6,74.9,48.1,5.0,78.3,96.0,86.8,53.9,95.9,67.3,5.0,3.0,5.0,8.0,,8.0,883.0,56441.0,7170.0,64.0,8.0,3.1710079275198186,0.0,60.5,92.2,88.1,54.61645746164575,83.01245753114382,0.3,92.9,0.3,59.1,52.305089524883684,,1.2311737987090605
2025-26,Lakshadweep,UT,2.1,0.1,1.1,0.4,4.8,2.6,4.0,2.7,3.4,,,,,,,-1.2999999999999998,4.3999999999999995,96.7,92.4,95.8,94.2,94.5,5.799999999999997,88.2,98.5,100.0,,,94.7,2.7,79.8,85.8,81.9,,61.4,73.5,1.2,100.0,100.0,100.0,100.0,100.0,100.0,100.0,100.0,100.0,100.0,82.4,100.0,100.0,81.8,5.9,97.1,38.2,100.0,100.0,100.0,100.0,100.0,100.0,19.0,16.0,8.0,10.0,,17.0,34.0,12692.0,729.0,373.0,21.0,0.0,0.0,0.0,96.9,94.8,55.418381344307264,100.0,0.3,96.9,2.0,99.5,52.166666666666664,,1.426463354648303
2025-26,Madhya Pradesh,State,0.2,0.0,0.1,14.7,11.3,13.0,6.2,6.1,6.2,,,,,,,-0.10000000000000053,-3.3999999999999986,92.8,79.0,79.6,79.3,78.8,20.700000000000003,80.9,55.0,57.4,,,77.0,9.9,69.8,70.3,78.6,,38.3,63.5,1.0,90.7,99.1,92.3,92.4,95.1,96.1,98.3,74.0,67.5,47.3,25.6,94.2,19.7,63.8,5.6,21.2,2.4,89.4,99.0,91.6,37.1,99.6,98.6,16.0,13.0,14.0,15.0,,21.0,119694.0,15252386.0,729057.0,127.0,6.0,1.8956672849098535,0.0,28.5,79.7,77.0,50.979964529522384,76.19345998964025,17.0,21.7,45.6,6.7,48.26408966655456,,1.2034913064032369
2025-26,Maharashtra,State,0.0,0.0,0.0,9.8,8.0,9.0,0.0,0.0,0.0,,,,,,,0.0,-1.8000000000000007,100.0,98.2,98.5,98.4,79.7,1.5999999999999943,93.4,87.8,88.3,,,88.2,2.8,96.2,96.1,96.7,,64.4,87.9,1.0,91.6,100.0,97.5,95.5,98.2,99.3,99.0,95.1,83.6,77.9,66.8,96.4,60.7,76.3,22.0,68.1,12.5,86.7,100.0,96.2,68.5,99.7,98.3,24.0,24.0,20.0,37.0,,29.0,108139.0,21632669.0,750272.0,200.0,7.0,8.571375729385327,0.0,29.1,97.4,96.2,53.345053527254116,59.711112549588954,12.2,11.2,33.1,14.5,46.625421608817504,,1.252072951437235
2025-26,Manipur,State,6.8,6.0,6.4,8.9,8.2,8.6,2.3,1.3,1.8,,,,,,,-0.9999999999999998,-0.7000000000000011,83.1,90.5,91.7,91.1,79.1,8.900000000000006,56.8,51.7,53.8,,,87.5,3.9,82.5,85.8,96.5,,53.2,82.8,1.1,66.2,99.8,93.9,83.2,96.1,83.6,29.3,51.2,40.3,38.8,12.2,42.8,42.1,54.9,17.6,19.9,1.5,57.3,99.8,97.4,27.7,15.5,54.7,12.0,9.0,9.0,15.0,,16.0,4662.0,665042.0,41742.0,143.0,9.0,9.566709566709566,1.8232518232518233,41.8,77.6,71.8,57.51760816443869,62.93436293436293,4.9,40.0,32.7,9.9,49.96959117017682,,0.8028462200986133
2025-26,Meghalaya,State,4.5,2.9,3.7,9.1,5.0,6.7,8.1,5.1,6.5,,,,,,,-3.0,-4.1,80.4,67.2,74.7,71.2,82.0,28.799999999999997,45.9,35.1,42.3,,,81.6,11.7,86.5,100.8,117.6,,44.7,98.9,1.4,28.7,72.7,72.4,75.6,78.9,45.8,63.8,71.8,19.5,36.4,5.6,38.8,76.5,35.4,10.1,5.8,0.7,19.0,71.6,74.7,36.3,98.2,56.5,18.0,12.0,10.0,19.0,,19.0,11462.0,1109003.0,58234.0,97.0,5.0,9.806316524166812,0.0,31.0,69.6,62.3,61.37823264759419,49.03158262083406,1.2,91.8,0.9,3.7,57.00114772913592,,0.3941655797793608
2025-26,Mizoram,State,1.7,1.6,1.7,9.7,8.9,9.3,2.7,1.4,2.1,,,,,,,-1.3000000000000003,-0.7999999999999989,98.9,89.0,93.8,91.4,67.6,8.599999999999994,55.4,44.5,48.7,,,75.1,15.6,98.4,104.7,106.4,,64.7,100.0,1.1,83.9,93.6,79.2,80.6,84.5,75.3,77.2,71.6,84.8,67.2,20.9,45.7,44.9,34.0,2.9,13.6,0.2,81.3,92.0,72.7,64.7,90.2,57.9,11.0,6.0,8.0,11.0,,11.0,3965.0,284270.0,25282.0,72.0,6.0,3.1525851197982346,1.4880201765447667,36.6,86.6,83.6,52.009334704532876,65.90163934426229,0.6,98.1,0.3,0.6,51.60847690196676,,1.4377847799968262
2025-26,Nagaland,State,3.8,2.9,3.3,14.2,12.4,13.3,4.9,3.5,4.2,,,,,,,-1.4000000000000004,-1.799999999999999,92.8,86.7,90.5,88.6,74.7,11.400000000000006,62.0,55.6,59.9,,,77.5,9.2,61.4,66.8,70.2,,37.4,59.5,1.2,81.6,88.5,79.6,80.3,83.8,72.0,89.1,49.1,93.4,61.2,9.9,42.8,57.2,50.4,16.3,34.5,1.3,76.0,86.0,72.1,53.2,95.7,53.7,9.0,7.0,7.0,15.0,,12.0,2715.0,407379.0,33138.0,150.0,12.0,1.289134438305709,0.0,34.900000000000006,73.0,65.8,60.01267427122941,70.05524861878453,1.8,84.1,4.0,6.6,51.66917010889974,,0.4689865060706579
2025-26,Odisha,State,0.3,0.2,0.2,16.1,11.2,13.7,2.5,1.9,2.2,,,,,,,-0.6000000000000001,-4.900000000000002,97.6,93.3,94.8,94.0,72.1,6.0,100.0,79.5,81.1,,,84.8,1.5,89.2,90.3,93.3,,50.3,75.4,1.0,96.7,100.0,97.9,96.2,98.8,99.7,99.8,96.6,83.2,82.9,68.4,95.5,93.1,80.7,12.8,36.2,15.4,96.5,100.0,97.9,81.7,99.9,97.5,15.0,14.0,17.0,35.0,,23.0,61594.0,7788567.0,341909.0,126.0,6.0,2.3671136799038868,0.0,19.8,96.4,95.0,49.92673489144773,78.9086599344092,18.5,27.8,37.2,2.4,49.05152706553565,,1.2649753825156422
2025-26,Puducherry,UT,0.0,0.0,0.0,4.4,1.3,2.9,0.0,0.0,0.0,,,,,,,0.0,-3.1000000000000005,100.0,99.7,100.0,99.9,96.5,0.09999999999999432,94.4,90.2,92.9,,,95.7,1.4,99.2,103.2,96.5,,84.5,98.2,1.1,100.0,100.0,99.9,100.0,100.0,100.0,100.0,99.9,100.0,99.9,43.2,68.1,25.7,79.4,7.8,75.5,8.6,100.0,100.0,100.0,100.0,100.0,93.3,14.0,11.0,9.0,15.0,,17.0,770.0,238664.0,14098.0,310.0,18.0,0.0,0.0,8.1,97.7,96.5,78.59980139026813,54.41558441558442,18.3,0.4,72.2,8.2,48.5553152039555,,0.4524621849969982
2025-26,Punjab,State,0.7,0.6,0.7,6.3,4.8,5.6,2.0,1.5,1.8,,,,,,,-0.5,-1.5,97.3,93.8,95.3,94.5,90.8,5.5,94.3,80.3,82.8,,,92.8,1.6,93.6,96.5,100.6,,54.9,92.3,1.1,100.0,100.0,98.9,98.3,99.7,99.9,98.6,87.8,99.1,91.5,60.0,80.3,75.4,76.4,22.2,81.5,5.3,99.9,99.9,98.8,90.1,99.9,89.8,19.0,14.0,9.0,16.0,,21.0,27233.0,5904359.0,276779.0,217.0,10.0,6.422355230786178,0.06976829581757427,15.3,97.0,94.8,76.91298834087846,70.65325156978666,35.7,0.1,15.1,2.9,46.71005043880177,,0.968814332813431
2025-26,Rajasthan,State,3.0,2.6,2.8,9.7,7.8,8.8,4.7,4.4,4.6,,,,,,,-0.2999999999999998,-1.8999999999999995,93.1,89.6,90.2,89.9,87.1,10.099999999999994,77.0,62.6,64.1,,,86.1,5.0,82.2,81.5,89.7,,45.2,77.2,1.0,91.5,98.4,86.8,85.6,88.7,96.8,81.5,69.5,55.4,70.6,24.2,68.7,30.2,26.8,8.1,26.7,2.1,90.2,97.9,86.1,65.1,85.1,75.8,17.0,11.0,11.0,16.0,,20.0,106445.0,15945455.0,793158.0,150.0,7.0,6.764056555028418,0.13152332190333035,26.9,96.3,94.4,42.50073755796449,65.74569026257691,19.6,14.5,48.8,7.7,46.927242451934184,,0.4872671755783266
2025-26,Sikkim,State,1.3,0.0,0.2,16.1,10.2,13.1,2.8,0.8,1.8,,,,,,,-1.9999999999999998,-5.900000000000002,93.0,88.0,93.7,90.8,79.8,9.200000000000003,84.3,73.7,82.0,,,77.6,9.2,68.5,70.2,75.4,,38.8,63.5,1.1,98.4,99.8,97.6,98.8,99.4,98.4,92.2,92.1,94.0,53.3,33.6,45.7,58.7,78.4,20.4,60.7,7.1,98.4,100.0,98.0,45.0,94.0,59.7,5.0,5.0,5.0,6.0,,8.0,1213.0,115658.0,15182.0,95.0,13.0,2.555647155812036,0.08244023083264633,40.9,88.5,83.9,64.8070082993018,68.34295136026381,8.2,35.1,35.5,2.7,50.31188845401174,,0.9990543302522803
2025-26,Tamil Nadu,State,0.0,0.0,0.0,9.1,3.2,6.2,0.0,0.0,0.0,,,,,,,0.0,-5.8999999999999995,99.7,99.8,99.8,99.8,90.7,0.20000000000000284,96.7,91.6,93.0,,,93.7,0.1,97.4,99.6,95.2,,83.5,96.4,1.0,100.0,100.0,99.6,95.9,100.0,99.5,99.8,96.9,94.4,99.0,74.2,93.1,49.9,79.0,6.1,72.2,8.2,100.0,100.0,99.5,99.2,99.9,95.9,19.0,17.0,12.0,20.0,,22.0,57566.0,12402872.0,569909.0,215.0,10.0,6.873849147065976,0.10422819025118993,29.700000000000003,98.7,97.6,77.10511678180201,65.21036723065698,22.1,1.5,69.0,7.2,48.84271657440798,,1.015785557722858
2025-26,Telangana,State,0.7,0.4,0.5,7.2,4.3,5.8,1.6,1.1,1.3,,,,,,,-0.5,-2.9000000000000004,99.1,97.7,98.4,98.1,88.6,1.9000000000000057,100.0,85.0,87.2,,,94.0,0.2,105.0,107.9,110.1,,71.3,100.0,1.1,99.4,100.0,96.7,92.7,97.7,98.8,97.2,89.9,91.6,76.5,11.3,77.6,55.1,70.6,7.1,42.4,92.4,99.1,100.0,95.2,69.3,98.5,82.8,18.0,11.0,9.0,26.0,,21.0,41762.0,7676413.0,370756.0,184.0,9.0,11.476940759542167,0.0,27.9,97.3,95.8,65.37372287973761,67.25731526267899,15.2,9.6,49.3,16.3,48.881380313966226,,1.057725418825014
2025-26,Tripura,State,0.0,0.0,0.0,11.1,9.7,10.4,3.7,2.7,3.2,,,,,,,-1.0,-1.4000000000000004,95.6,86.5,90.4,88.4,83.3,11.599999999999994,84.7,68.7,72.8,,,83.7,5.9,82.8,87.8,102.0,,65.9,82.3,1.1,81.6,96.2,74.7,74.4,83.0,93.8,77.5,82.4,72.7,42.5,16.2,63.1,39.2,34.8,5.6,24.3,2.9,81.3,95.9,73.3,40.8,81.6,69.6,16.0,15.0,12.0,14.0,,18.0,4964.0,694230.0,37819.0,140.0,8.0,7.574536663980661,0.0,39.1,84.0,81.3,38.74507522673788,83.48106365834005,18.2,37.0,18.4,10.6,51.238001429206015,,0.4862484231845344
2025-26,Uttar Pradesh,State,0.0,0.0,0.0,9.4,7.3,8.4,6.6,6.8,6.7,,,,,,,0.20000000000000018,-2.1000000000000005,92.2,79.1,78.3,78.7,79.2,21.299999999999997,72.3,55.3,55.0,,,88.3,3.3,66.7,67.9,83.7,,34.2,74.9,1.0,88.8,99.5,97.5,97.4,98.2,96.7,81.9,65.6,71.3,50.4,53.6,71.1,23.8,50.5,14.3,23.8,2.2,93.5,99.6,98.3,42.7,98.4,90.7,19.0,21.0,23.0,33.0,,26.0,265278.0,42703359.0,1642764.0,161.0,6.0,2.9682069376276963,0.11798942995649847,13.5,88.8,84.8,50.58103294204158,51.682762988261366,22.7,0.9,56.3,17.6,47.611528291819894,,1.0866783976868504
2025-26,Uttarakhand,State,1.9,1.8,1.9,7.2,4.8,6.1,3.4,2.8,3.1,,,,,,,-0.6000000000000001,-2.4000000000000004,96.5,91.1,92.3,91.7,88.9,8.299999999999997,85.6,74.5,77.4,,,90.5,3.4,93.9,96.4,102.6,,50.6,92.7,1.1,95.7,99.1,92.6,90.2,95.5,98.3,97.2,86.5,93.3,73.6,14.4,80.9,82.8,70.0,8.5,36.8,2.1,94.7,98.7,92.0,67.8,99.2,87.2,14.0,13.0,10.0,14.0,,17.0,22437.0,2407131.0,138055.0,107.0,6.0,11.83313277176093,0.07576770512991933,53.0,96.6,95.2,59.68345949078267,70.5709319427731,19.3,2.3,29.4,16.3,47.55318442799774,,0.2856770539461452
2025-26,West Bengal,State,0.0,0.0,0.0,6.1,5.0,5.5,1.8,0.4,1.1,,,,,,,-1.4,-1.0999999999999996,99.3,93.2,97.3,95.2,61.0,4.799999999999997,90.8,79.0,86.8,,,72.9,21.5,111.1,115.5,100.9,,80.2,89.2,1.1,97.2,99.5,95.7,93.8,97.3,97.7,86.1,68.5,25.7,19.7,12.8,68.8,21.2,34.1,5.8,5.1,0.4,97.7,99.4,95.5,16.9,89.9,75.2,21.0,26.0,20.0,29.0,,30.0,93147.0,17726591.0,581774.0,190.0,6.0,7.267008062524827,4.437072584194874,22.6,97.0,95.9,45.07111008742226,87.59380334310283,24.6,6.3,12.4,37.2,50.665922114092055,,0.9895611697702126
2025-26,India,National,0.4,0.1,0.3,10.9,8.0,9.5,3.8,3.4,3.6,,,,,,,-0.3999999999999999,-2.9000000000000004,93.8,87.9,88.7,88.3,78.1,11.700000000000003,83.7,69.8,71.9,,,85.3,5.3,81.5,83.4,89.6,,50.8,78.4,1.0,93.5,99.2,95.8,94.0,97.0,96.9,90.5,78.2,69.9,67.4,38.1,79.7,43.0,57.6,11.5,33.9,7.1,94.2,99.2,95.4,63.1,94.5,88.2,19.0,17.0,15.0,23.0,,24.0,1466682.0,247219766.0,10273020.0,169.0,7.0,6.87558720977008,0.3861095997632752,22.8,92.8,90.5,54.94213970185983,68.53871527706757,17.7,10.0,44.9,16.2,48.60409314467306,,0.9942818270131788
